<?xml version="1.0" encoding="UTF-8" ?>
<!DOCTYPE xml>
<configuration>

	<!-- Send debug messages to System.out -->
	<appender name="STDOUT" class="ch.qos.logback.core.ConsoleAppender">
		<!-- By default, encoders are assigned the type ch.qos.logback.classic.encoder.PatternLayoutEncoder -->
		<encoder>
			<pattern>%d{yyyy-MM-dd_HH:mm:ss.SSS} [%thread] %-5level %logger{36} -%msg%n</pattern>
		</encoder>
	</appender>
	
	<!-- Send debug messages to a file at "c:/jcg.log" -->
	<appender name="ERROR-FILE" class="ch.qos.logback.core.rolling.RollingFileAppender">
		<file>${env.error.log.home}/${env.artifact.id}-error.log</file>
		<encoder class="ch.qos.logback.classic.encoder.PatternLayoutEncoder">
			<pattern>%d{yyyy-MM-dd_HH:mm:ss.SSS} [%thread] %-5level %logger{36} -%msg%n</pattern>
		</encoder>
		
		<rollingPolicy class="ch.qos.logback.core.rolling.FixedWindowRollingPolicy">
			<FileNamePattern>${env.error.log.home}/${env.artifact.id}-error.%i.log.zip</FileNamePattern>
			<MinIndex>1</MinIndex>
			<MaxIndex>10</MaxIndex>
		</rollingPolicy>
		
		<triggeringPolicy class="ch.qos.logback.core.rolling.SizeBasedTriggeringPolicy">
			<MaxFileSize>2MB</MaxFileSize>
		</triggeringPolicy>
	</appender>
	
	<logger name="com.acss.core" level="ERROR" additivity="false">
		<appender-ref ref="ERROR-FILE" />
	</logger>
		
	<!-- Send debug messages to a file at "c:/jcg.log" -->
	<appender name="JOOQ-FILE" class="ch.qos.logback.core.rolling.RollingFileAppender">
		<file>${env.jooq.log.home}/${env.artifact.id}-jooq.log</file>
		<encoder class="ch.qos.logback.classic.encoder.PatternLayoutEncoder">
			<pattern>%d{yyyy-MM-dd_HH:mm:ss.SSS} [%thread] %-5level %logger{36} -%msg%n</pattern>
		</encoder>
		
		<rollingPolicy class="ch.qos.logback.core.rolling.FixedWindowRollingPolicy">
			<FileNamePattern>${env.jooq.log.home}/${env.artifact.id}-jooq.%i.log.zip</FileNamePattern>
			<MinIndex>1</MinIndex>
			<MaxIndex>10</MaxIndex>
		</rollingPolicy>
		
		<triggeringPolicy class="ch.qos.logback.core.rolling.SizeBasedTriggeringPolicy">
			<MaxFileSize>2MB</MaxFileSize>
		</triggeringPolicy>
	</appender>
	
	<logger name="org.jooq" level="DEBUG" additivity="false">
		<appender-ref ref="JOOQ-FILE" />
	</logger>
	
	<!-- By default, the level of the root level is set to DEBUG -->
	<root level="INFO">
		<appender-ref ref="STDOUT" />
	</root>

<!-- 	<logger name="com.acss.core" level="DEBUG" /> -->
</configuration>
