[
    {
        "collectorId": "COL0001",
        "collector": "Collector A",
        "typeOfAccount": "Collector"
    },
	{
        "collectorId": "COL0002",
        "collector": "Collector B",
        "typeOfAccount": "Collector"
    },
	{
        "collectorId": "COL0003",
        "collector": "Collector C",
        "typeOfAccount": "Collector"
    },
	
	{
        "collectorId": "COL0003",
        "collector": "Collector D",
        "typeOfAccount": "Collector"
    },
    {
        "collectorId": "COL0005",
        "collector": "Collector E",
        "typeOfAccount": "Collector"
    },
    {
        "collectorId": "COL0006",
        "collector": "Collector F",
        "typeOfAccount": "Collector"
    },
    {
        "collectorId": "COL0007",
        "collector": "Collector G",
        "typeOfAccount": "Collector"
    },
    {
        "collectorId": "COL0008",
        "collector": "Collector H",
        "typeOfAccount": "Collector"
    },
    {
        "collectorId": "COL0009",
        "collector": "Collector I",
        "typeOfAccount": "Collector"
    },
    {
        "collectorId": "COL0010",
        "collector": "Collector J",
        "typeOfAccount": "Collector"
    },   
    {
        "collectorId": "COL0011",
        "collector": "Collector K",
        "typeOfAccount": "Supervisor"
    },
	{
        "collectorId": "COL0012",
        "collector": "Collector L",
        "typeOfAccount": "Supervisor"
    },
	{
        "collectorId": "COL0013",
        "collector": "Collector M",
        "typeOfAccount": "Supervisor"
    },
	
	{
        "collectorId": "COL0014",
        "collector": "Collector N",
        "typeOfAccount": "Supervisor"
    },
    {
        "collectorId": "COL0015",
        "collector": "Collector O",
        "typeOfAccount": "Supervisor"
    },
    {
        "collectorId": "COL0016",
        "collector": "Collector P",
        "typeOfAccount": "Supervisor"
    },
    {
        "collectorId": "COL0017",
        "collector": "Collector Q",
        "typeOfAccount": "Collector"
    },
    {
        "collectorId": "COL0018",
        "collector": "Collector R",
        "typeOfAccount": "Supervisor"
    },
    {
        "collectorId": "COL0019",
        "collector": "Collector S",
        "typeOfAccount": "Supervisor"
    },
    {
        "collectorId": "COL0020",
        "collector": "Collector T",
        "typeOfAccount": "Supervisor"
    }
    
]