[
    {
        "appNo": "00000000-1",
        "customerName": "John Dave Pajardo",
        "appDateTime": "2015-07-10 17:00:00",
        "stage": "Application",
        "status": "BAP Check",
        "settlementStatus": "-",
        "seqNo": "1000001",
        "remarks": "Sample Remarks"
    },
	{
        "appNo": "00000000-2",
        "customerName": "Irish Jane Khan Harina",
        "appDateTime": "2015-07-10 17:00:00",
        "stage": "Application",
        "status": "Accepted",
        "settlementStatus": "-",
        "seqNo": "1000002",
        "remarks": "Sample Remarks"
    },
	{
        "appNo": "00000000-3",
        "customerName": "Jonathan Perilla",
        "appDateTime": "2015-07-10 17:00:00",
        "stage": "Application",
        "status": "First Assessment",
        "settlementStatus": "-","seqNo": "1000001",
        "seqNo": "1000003",
        "remarks": "Sample Remarks"
    },
	
	{
        "appNo": "00000000-4",
        "customerName": "Ronnel Lising",
        "appDateTime": "2015-07-10 17:00:00",
        "stage": "Application",
        "status": "First Assessment",
        "settlementStatus": "-",
        "seqNo": "1000004",
        "remarks": "Sample Remarks"
    },
    {
        "appNo": "00000000-5",
        "customerName": "Mark Kelvin Pineda",
        "appDateTime": "2015-07-10 17:00:00",
        "stage": "Application",
        "status": "Final Assessment",
        "settlementStatus": "-",
        "seqNo": "1000005",
        "remarks": "Sample Remarks"
    },
    {
        "appNo": "00000000-6",
        "customerName": "Maricel Sajol",
        "appDateTime": "2015-07-10 17:00:00",
        "stage": "Application",
        "status": "BAP Check",
        "settlementStatus": "-",
        "seqNo": "1000006",
        "remarks": "Sample Remarks"
    },
    {
        "appNo": "00000000-7",
        "customerName": "Aurora Pearl Santos",
        "appDateTime": "2015-07-10 17:00:00",
        "stage": "Application",
        "status": "Final Assessment",
        "settlementStatus": "-",
        "seqNo": "1000007",
        "remarks": "Sample Remarks"
    },
    
    {
        "appNo": "00000000-8",
        "customerName": "Chona Jose",
        "appDateTime": "2015-07-10 17:00:00",
        "stage": "Application",
        "status": "BAP Check",
        "settlementStatus": "-",
        "seqNo": "1000008",
        "remarks": "Sample Remarks"
    },
    
    {
        "appNo": "00000000-9",
        "customerName": "Joel Ruelos",
        "appDateTime": "2015-07-10 17:00:00",
        "stage": "Application",
        "status": "Accepted",
        "settlementStatus": "-",
        "seqNo": "1000009",
        "remarks": "Sample Remarks"
    },
    
    {
        "appNo": "00000001-0",
        "customerName": "Ser Joseph Andaya",
        "appDateTime": "2015-07-10 17:00:00",
        "stage": "Application",
        "status": "BAP Check",
        "settlementStatus": "-",
        "seqNo": "1000010",
        "remarks": "Sample Remarks"
    },
    
    {
        "appNo": "00000001-1",
        "customerName": "Jollibee E Rodriguez",
        "appDateTime": "2015-07-10 17:00:00",
        "stage": "Application",
        "status": "First Assessment",
        "settlementStatus": "-",
        "seqNo": "1000011",
        "remarks": "Sample Remarks"
    },
    {
        "appNo": "00000001-2",
        "customerName": "Ace Tamol",
        "appDateTime": "2015-07-10 17:00:00",
        "stage": "Application",
        "status": "Accepted",
        "settlementStatus": "-",
        "seqNo": "1000012",
        "remarks": "Sample Remarks"
    },
    
    {
        "appNo": "00000001-3",
        "customerName": "John Doe",
        "appDateTime": "2015-07-10 17:00:00",
        "stage": "Application",
        "status": "BAP Check",
        "settlementStatus": "-",
        "seqNo": "1000013",
        "remarks": "Sample Remarks"
    },
    
    {
        "appNo": "00000001-4",
        "customerName": "Jolly McDonalds",
        "appDateTime": "2015-07-10 17:00:00",
        "stage": "Application",
        "status": "BAP Check",
        "settlementStatus": "-",
        "seqNo": "1000014",
        "remarks": "Sample Remarks"
    },
    
    {
        "appNo": "00000001-5",
        "customerName": "Berry Whisper",
        "appDateTime": "2015-07-10 17:00:00",
        "stage": "Application",
        "status": "Accepted",
        "settlementStatus": "-",
        "seqNo": "1000015",
        "remarks": "Sample Remarks"
    }
    

]